PlaceName,StateAbbr,CDCHI,domain_cardio,domain_resp,domain_behav
Detroit,MI,100.0,3.070036530263826,2.9492939560549893,2.19011428557899
Gary,IN,99.87470745250717,3.361483949129582,2.5584173935808336,2.272240018999393
Flint,MI,98.7105667443446,2.427178457620372,3.3401705185291437,2.2640198209268307
Youngstown,OH,96.99818862940334,2.3030997426392408,3.144732237292066,2.3470504377658283
Camden,NJ,95.0534847981537,2.6221610240628253,1.9069564561239092,2.997193432184381
Cleveland,OH,92.53290095410617,2.221075203361036,2.9492939560549893,2.007838876610521
Dayton,OH,91.36461151371806,2.39975932469409,2.884147862309296,1.7329553276026022
Macon,GA,89.76311958680023,2.629887784085976,2.1675408311066793,1.9982613534100682
Reading,PA,87.49511259250345,1.8586555733670658,2.037248643615295,2.5865647650823664
Birmingham,AL,85.9822534940827,2.4750528909053995,2.037248643615295,1.7612354554946639
Albany,GA,85.04067707100108,2.5138458600288005,1.9069564561239092,1.7226991418382034
Canton,OH,80.44523076336722,1.3745018728559248,2.623563487326527,1.510786279849782
Trenton,NJ,79.52263291937236,1.8018103670975691,1.6463720811411404,1.9332546786987341
Newark,NJ,78.24116327560357,1.8311205271990005,1.3857877061583703,1.9875527259363726
Toledo,OH,77.59242206896307,1.4913773409977296,2.2326869248523713,1.3908028953368645
New Bedford,MA,77.55665386490921,0.6740553433944312,2.9492939560549893,1.4865781273413932
Memphis,TN,77.51812894181428,1.8811714192777371,1.7115181748868327,1.5119173841230247
Springfield,MA,77.05352133598745,1.0862404338485785,2.1023947373609873,1.8518076078422767
Fall River,MA,76.495199754122,0.4698070398816759,3.144732237292066,1.3487970215554612
Lawrence,MA,76.23815729889847,1.23794448853386,1.581225987395447,2.1086672147225327
Muncie,IN,74.78439709786879,1.0165960706144725,2.4932712998351416,1.2172001261502543
Hartford,CT,74.71631730908638,1.8982692767222469,1.1252033311756005,1.694192793091493
Tuscaloosa,AL,74.39776479527217,1.6676022373315653,1.841810362378217,1.1642594040405074
Fort Smith,AR,74.16331479808365,1.0592125013428413,1.841810362378217,1.74027064225657
Akron,OH,72.80069940704314,1.2358409994991428,2.037248643615295,1.1800211376216851
Mobile,AL,72.73742028967132,1.8638164153334156,1.581225987395447,0.9993292746357557
Hammond,IN,71.82677848330175,1.262138899760113,1.7115181748868327,1.344951267026437
Paterson,NJ,71.2379694494243,1.488262902023931,0.734326768701446,2.0147017495551913
Jackson,MS,71.08143564240322,2.3784508033436436,0.6040345812100609,1.233188080586081
Rochester,NY,70.90457006123859,1.4848903922947239,1.5160798936497548,1.1902773233860837
Springdale,AR,70.52988274821459,0.649942101687918,1.776664268632525,1.7128953977831027
Montgomery,AL,70.34938145397395,1.5720156136331358,1.5160798936497548,1.0264782982545744
Passaic,NJ,69.91971876785209,1.150767715500981,0.6691806749557532,2.2352872513254725
Compton,CA,69.39021978099174,1.4885492578980886,0.5388884874643681,1.9546719336461258
Lake Charles,LA,69.21508391621781,1.6276378165549101,0.9949111436842154,1.3353737438259836
Brockton,MA,68.93505986397277,0.9396850232493222,2.037248643615295,0.9423165771423356
Brownsville,TX,68.7933870188304,1.7395120201889407,0.017719737498828707,2.1424528904313744
San Bernardino,CA,68.29651505602035,0.8335412994659789,1.1252033311756005,1.872319979371074
Lynwood,CA,68.23283223278291,1.156655924299047,0.34345020622729094,2.322163622693494
Chattanooga,TN,67.77712690374399,1.2741551400789637,1.4509337999040626,1.0342460546178396
Buffalo,NY,67.76832818119077,1.0252922771541801,1.5160798936497548,1.216747684440957
Syracuse,NY,67.60500413236959,0.6487259653944201,1.841810362378217,1.245027812333019
Shreveport,LA,67.5399915003391,1.7201688284791603,0.7994728624471381,1.206943940385856
Augusta,GA,67.3663274855103,1.7728631222979352,1.1252033311756005,0.8045354713564032
Cincinnati,OH,67.36014348001788,1.351216232435415,1.6463720811411404,0.7041595749536885
Lauderhill,FL,67.35977463872736,1.3839882715465428,1.320641612412678,0.9970670660892706
Kansas City,KS,67.07653721150166,1.3577560655394132,1.2554955186669847,1.0493291256350723
Pharr,TX,67.03868451981685,1.6421374727042963,0.0828658312445215,1.9323497952801407
Allentown,PA,66.64641488689843,1.0315174692652733,1.1252033311756005,1.4464582677023936
Kalamazoo,MI,66.21166929296456,1.1446670448433471,1.776664268632525,0.6218076206786372
South Bend,IN,66.0480195350819,0.9794241723135602,1.581225987395447,0.9598880775607017
Louisville,KY,65.44576776572076,0.6871445420697005,2.1023947373609873,0.6478255400242136
St. Louis,MO,65.16650930479597,1.2550578212442691,1.2554955186669847,0.8882447507593456
Wilmington,DE,65.09216246719112,1.6973091322012388,0.6040345812100609,1.087186776727587
Laredo,TX,64.92242313707763,1.6136772562089916,-0.3080107312296335,2.0594222735923773
North Charleston,SC,64.86442837275395,1.3163429612516937,1.1903494249212927,0.8503870996668309
Lawton,OK,64.81198595347328,1.091142796608591,1.1252033311756005,1.133490846747312
Miami Gardens,FL,64.7708714788506,1.51388591140325,0.6691806749557532,1.1610923120754277
Evansville,IN,64.34557995919312,0.7420823216425504,1.776664268632525,0.7666778202638885
Perris,CA,64.03343189680253,0.9819115862636716,0.40859629997298375,1.8518076078422767
Knoxville,TN,62.86461613097008,0.667447559074469,1.5160798936497548,0.8973698322505013
Warren,MI,62.75431719038945,0.5871029178183705,1.776664268632525,0.7018973664072035
Baton Rouge,LA,62.35212986871422,1.5492019347019834,0.5388884874643681,0.922030426468187
Savannah,GA,62.26047768692451,1.5117153954081666,0.8646189561928304,0.6211289581146914
Waco,TX,62.17343040548845,1.219583553193485,0.734326768701446,1.0315314043620578
Baltimore,MD,62.085489947529375,1.466478829515479,1.1252033311756005,0.3816146307981536
Lansing,MI,62.00099239779721,0.8263676704519257,1.4509337999040626,0.6843258659888369
Lynn,MA,61.97325078878192,0.4618550081461091,1.581225987395447,0.9147151118142189
Gulfport,MS,61.9628071002354,1.328050503376265,0.734326768701446,0.8939765194307736
Erie,PA,61.89238607036388,0.8269910096391095,1.5160798936497548,0.6035574576963255
Rockford,IL,61.66027613521475,0.8228975916814808,0.9949111436842154,1.0967642999280398
Gastonia,NC,60.51139540829561,0.6863862247061858,1.320641612412678,0.7488800989908739
Merced,CA,60.478995735159856,0.6980864913256063,0.6691806749557532,1.3841662432468422
Dearborn,MI,60.04350152008427,0.11362807726469752,2.1675408311066793,0.4101209795448638
Jonesboro,AR,59.91405083007245,0.6166009404971241,1.1252033311756005,0.93160794966864
Hemet,CA,59.90182313010913,0.3366353835925952,1.1252033311756005,1.2098848114962868
New Orleans,LA,59.80359508760457,1.435900981426083,0.40859629997298375,0.813660552847559
Milwaukee,WI,59.768287184343116,1.4878639102935658,0.2783041124815987,0.8871136464861031
Philadelphia,PA,59.61827123412129,0.9561467316537994,0.734326768701446,0.9420903562876868
Waukegan,IL,59.606256343389,0.8126633323502203,0.47374239371867594,1.3444988253171397
Columbus,OH,59.567238809398255,0.8875775837382357,1.2554955186669847,0.48244296891016514
Miami,FL,59.44480723668497,0.8479369279708321,0.21315801873590592,1.5475128266690539
Providence,RI,59.28994572837252,0.8424326440881598,0.47374239371867594,1.271045731678596
Charleston,WV,59.26089641999326,0.8122738730871285,1.4509337999040626,0.3200012689065476
Clarksville,TN,59.01461909938885,0.7863375554214301,1.0600572374299082,0.7028022498257975
Indianapolis,IN,58.869192521250035,0.6061318769861732,1.3857877061583703,0.5371934578571005
Schenectady,NY,58.591939769302144,0.3384972013933993,1.320641612412678,0.8316844949752225
Portsmouth,VA,58.53017243209087,1.28640126220233,0.6691806749557532,0.5267110512380535
North Las Vegas,NV,58.40960057065964,0.5373994657755319,1.0600572374299082,0.868184820939846
Beaumont,TX,58.37528605228867,1.3335160454173185,0.40859629997298375,0.7187902042616241
Warner Robins,GA,57.995442979532875,1.0705078334332703,0.8646189561928304,0.4733178874190091
Grand Rapids,MI,57.86475939152706,0.810943768230897,1.0600572374299082,0.5193957365840859
Springfield,MO,57.74278875198829,0.2632660520503558,1.5160798936497548,0.5942061553505207
Victorville,CA,57.498981649138315,0.4491497343862334,0.7994728624471381,1.0912587521112602
Yakima,WA,57.26908591588979,0.39728765194556265,0.9297650499385232,0.9810791116534441
Lexington,KY,57.1792719362954,0.556519126930349,1.320641612412678,0.418567398472074
Columbus,GA,57.096952199143644,1.2237603976329774,0.6691806749557532,0.39141837485325515
Union City,NJ,56.961756326648555,0.5756981310894534,-0.11257244999255629,1.8025626667121213
Cicero,IL,56.89047731330792,0.5732563260351841,-0.047426356246863505,1.7300144564921716
Pawtucket,RI,56.654194768869274,0.34358968369285786,0.9297650499385232,0.9498581126509515
Santa Maria,CA,56.5898975159639,0.21714664734069508,0.5388884874643681,1.4582979994493317
Hialeah,FL,56.39002317812022,0.7184218803229933,-0.3080107312296335,1.7763185265118964
Inglewood,CA,56.22673105282245,1.1296972757157993,-0.047426356246863505,1.0819074497654555
Tulsa,OK,56.154555372743815,0.6425841997651899,0.7994728624471381,0.712153552171602
Richmond,VA,56.08232044792818,1.166666244624417,0.6691806749557532,0.308387758014258
Lakeland,FL,56.0183471563284,0.47023564943731394,1.2554955186669847,0.40966853783556684
Nashville,TN,56.01429058805008,0.6206720161346309,0.9297650499385232,0.5844024112954195
South Gate,CA,55.880042223567386,0.5893951936860081,-0.3080107312296335,1.8349147699878565
Athens,GA,55.76325110313764,0.8735964222296472,0.734326768701446,0.4922467129652666
Decatur,IL,55.635755441364786,0.5981716454898581,0.8646189561928304,0.6197716329868006
Columbia,SC,55.634605314938824,1.1690761748912906,0.6040345812100609,0.30929264143285207
Bridgeport,CT,55.61535458649373,0.7566069855251086,0.5388884874643681,0.7842493206822547
Elizabeth,NJ,55.59282072368712,0.5196545941171908,0.21315801873590592,1.3438201627531945
Fresno,CA,55.563944997840395,0.28827617896536173,0.5388884874643681,1.2454802540423158
St. Joseph,MO,55.39974608842889,0.12780530111135796,1.320641612412678,0.6015214700044886
Scranton,PA,55.24205770748925,0.38440999087426314,1.0600572374299082,0.5837237487314739
Waterbury,CT,55.221216867279935,0.5608953110934863,0.7994728624471381,0.6649445987332827
Roanoke,VA,55.21638937129456,0.6131167191673066,0.9297650499385232,0.4817643063462199
Rock Hill,SC,55.00049731180642,1.2192843874664796,0.6040345812100609,0.17151153564691984
Stockton,CA,54.89686522883704,0.4852404745699778,0.2783041124815987,1.2169739052956055
Oklahoma City,OK,54.89376139413201,0.5525383448289286,0.734326768701446,0.6932247266253444
Dallas,TX,54.76518699450116,0.9940240629172329,0.1480119249902137,0.8202972049375814
Hesperia,CA,54.502398318950384,0.11684326649745286,0.8646189561928304,0.9445787856888206
Rialto,CA,54.087789055684794,0.5098407445808197,0.21315801873590592,1.145783020203547
Baytown,TX,53.997849993551,0.7654746551206425,0.40859629997298375,0.6822898782970006
Bryan,TX,53.946260527508564,0.8225911504493242,0.34345020622729094,0.6831947617155945
Pompano Beach,FL,53.87991924855708,0.15806984091437462,1.1252033311756005,0.5568009459673036
New Haven,CT,53.65936365744842,0.9942037257338076,0.34345020622729094,0.4719605622911184
Huntsville,AL,53.4178573003677,0.6490195967737281,0.7994728624471381,0.3277690252698123
Salinas,CA,53.33330925034049,0.3251544458869661,0.0828658312445215,1.356564777918726
Greenville,NC,53.11037018248751,0.8935564945233155,0.6691806749557532,0.1710590939376228
Moreno Valley,CA,53.00162762983684,0.5925415074472014,0.0828658312445215,1.0433711361089955
Lafayette,LA,52.88299531599598,0.7568313329819277,0.40859629997298375,0.5369672370024521
Kansas City,MO,52.64022207529705,0.6358693139367176,0.6691806749557532,0.3638169095251386
El Monte,CA,52.512259830916086,0.24563146311824546,-0.3080107312296335,1.7135740603470475
Lafayette,IN,52.395492290939366,0.11703707187340118,1.2554955186669847,0.2625361297038301
New Britain,CT,52.39330027435543,0.48441287328397414,0.6040345812100609,0.5463185393482561
Indio,CA,52.38389587061663,0.3505203087664727,0.0828658312445215,1.2000810674411853
Longview,TX,52.27730269371554,0.7388680566653935,0.40859629997298375,0.4712818997271728
High Point,NC,52.20338638828499,0.6195297738557225,0.7994728624471381,0.18953547777458335
Mount Vernon,NY,52.057146030242116,1.0426404140442787,0.0828658312445215,0.4628354807999624
Wyoming,MI,51.956710670416,0.2718509554403808,0.9949111436842154,0.3077090954503125
Fort Wayne,IN,51.922863552632826,0.3317307638704599,0.9949111436842154,0.2431548624482759
Pasadena,TX,51.83208166905565,0.5802776530958128,0.1480119249902137,0.82896984471944
Winston-Salem,NC,51.8197933520863,0.7437421343066579,0.6040345812100609,0.20778564075689504
Lynchburg,VA,51.693285309790895,0.460007332904679,0.734326768701446,0.3437569797056392
Santa Ana,CA,51.61548181802037,0.12949791281845888,-0.1777185437382485,1.575566733706467
Fort Worth,TX,51.28026018331841,0.7961582720120243,0.21315801873590592,0.47173434143646986
Independence,MO,51.25013727395426,-0.021707227965243287,1.1252033311756005,0.3733944327255917
Deerfield Beach,FL,51.02711596364953,-0.01473652834348454,1.0600572374299082,0.40076967719905937
Little Rock,AR,50.9726390998438,0.853006143694571,0.2783041124815987,0.30725665374101546
Houston,TX,50.88508794881046,0.9580390915354741,-0.11257244999255629,0.5810090984756919
Palmdale,CA,50.74221819858638,0.24923426310289742,0.21315801873590592,0.9443525648341717
Norfolk,VA,50.66851322863033,0.6894723785612364,0.47374239371867594,0.23335111839317435
Murfreesboro,TN,50.606703811665575,0.47329259391801903,0.734326768701446,0.18041039628342734
Fayetteville,NC,50.548520605736506,1.1055913095144367,0.2783041124815987,-0.0039010003768783132
Kenner,LA,50.54240726002087,0.8264123550921698,-0.047426356246863505,0.6001641448765979
Tyler,TX,50.52444131505322,0.6653062524537307,0.21315801873590592,0.49820470249134324
El Cajon,CA,50.43553207435248,-0.22436141306773175,0.9297650499385232,0.6589866092072061
Westland,MI,50.10763680632912,0.058839418427551665,1.2554955186669847,0.004771639404980682
Hampton,VA,50.02530740015955,0.9990085194525838,0.21315801873590592,0.09557001260724213
Wichita Falls,TX,49.933013942866936,0.572640262353151,0.34345020622729094,0.3788999805423715
Edinburg,TX,49.90898854645378,1.132857323585439,-0.698887293703788,0.8577024143207989
Tampa,FL,49.802596322043,0.648704955780823,0.5388884874643681,0.08938580222651706
Mission,TX,49.72608974503398,0.9306363581306889,-0.5034490124667107,0.8392260304838386
Lancaster,CA,49.61907341196191,0.16489602989252997,0.40859629997298375,0.6781416556081118
Yuma,AZ,49.47256897362854,0.4114133240977551,0.47374239371867594,0.34624540910677243
Jacksonville,FL,49.34643891979773,0.2818996091564417,0.734326768701446,0.19775567584714498
Albany,NY,49.3172389058453,0.38160199313262183,0.5388884874643681,0.2894589324680008
Pomona,CA,49.115827611784916,0.306816777122311,-0.24286463748394072,1.1181815548754304
Deltona,FL,49.10701319804767,0.07328198853477254,0.7994728624471381,0.3081615371596095
Las Vegas,NV,49.03343605668217,0.06393876778123316,0.734326768701446,0.3724895493069976
Killeen,TX,48.85387913864922,0.8981063987044019,-0.11257244999255629,0.360423596705411
Worcester,MA,48.793367420768064,0.13969343030810125,0.7994728624471381,0.1984343384110902
McAllen,TX,48.62761433906509,0.9824514989689929,-0.6337411999580957,0.765999157699943
Racine,WI,48.50443841195186,0.7615608999795888,0.017719737498828707,0.31841772292400805
Topeka,KS,48.44898642069095,0.4921688426814703,0.6040345812100609,-0.006163208923363389
Odessa,TX,48.36855865927124,0.5924722235247123,-0.11257244999255629,0.5990330406033554
Lowell,MA,48.360375417438064,-0.2401610404434059,0.7994728624471381,0.5184908531654918
Orlando,FL,48.25598096813085,0.263457504296327,0.47374239371867594,0.3261854792872727
Abilene,TX,47.94943984870915,0.39966837283809126,0.2783041124815987,0.34307831714169335
Atlanta,GA,47.88204368796751,0.9673294278880208,0.1480119249902137,-0.10359823421564757
El Paso,TX,47.76191678987608,1.0106194167915155,-0.698887293703788,0.6834209825702432
Peoria,IL,47.62441090886179,0.46278478856544986,0.34345020622729094,0.16992798966438027
Mesquite,TX,47.47586600516503,0.39986443517616194,0.21315801873590592,0.34262587543239664
West Palm Beach,FL,47.45160093133536,0.24316772419478153,0.47374239371867594,0.23538710608501093
Richmond,CA,47.38617881529566,0.5469739010401127,-0.24286463748394072,0.6391529002423548
Southfield,MI,47.372525462890636,1.1948998567007807,0.017719737498828707,-0.27124301387618077
Jacksonville,NC,47.26701458745247,0.5781308121273767,0.34345020622729094,0.0052240811142773725
Corpus Christi,TX,47.14489949971865,0.8495862839120681,-0.4383029187210185,0.49865714420064056
Hawthorne,CA,47.10738170246139,0.4712050959538714,-0.3080107312296335,0.7415647843369063
San Angelo,TX,47.03703725525052,0.4984245768734341,0.017719737498828707,0.3788999805423715
Boynton Beach,FL,47.000902453116005,0.058939244430911496,0.6691806749557532,0.1619340124464668
Bakersfield,CA,46.98682827389461,0.20281804579620824,0.0828658312445215,0.6024263534230829
Palm Bay,FL,46.793758682621686,-0.16465399194907673,0.8646189561928304,0.1614815707371698
Chicago,IL,46.69355896153469,0.4599403059443125,-0.11257244999255629,0.5002406901831802
Modesto,CA,46.67430429293229,-0.03795647451015257,0.34345020622729094,0.5394556664035856
Pittsburgh,PA,46.66669222061308,0.3566246652606094,0.40859629997298375,0.07867717475282149
Wichita,KS,46.65189094430221,0.513465886885593,0.34345020622729094,-0.015062069559870883
Garland,TX,46.48954849172302,0.32175959383763625,0.017719737498828707,0.47995453950903155
San Antonio,TX,46.32955770540078,0.7380285697821384,-0.5034490124667107,0.5627589354933802
Gainesville,FL,46.307690523662394,0.07143431329334197,0.734326768701446,-0.011442535885494778
Ontario,CA,46.28465641150787,0.07956693210108114,-0.11257244999255629,0.824142959466606
Oxnard,CA,46.178971212040274,0.1708818077318328,-0.3731568249753257,0.9788169031069589
Tucson,AZ,46.14039968156156,-0.06252753514664904,0.734326768701446,0.09941576713626707
Norman,OK,46.0203553035066,0.27948147912881977,0.2783041124815987,0.19685079242855097
Nampa,ID,45.98600371300362,0.18772159442093295,0.34345020622729094,0.21872048908523878
Bethlehem,PA,45.9663157524953,0.4114356664178774,0.1480119249902137,0.18772571093739496
Newport News,VA,45.93733476886069,0.5545656828869333,0.1480119249902137,0.04059330280565855
Fayetteville,AR,45.7943584215489,0.032406539990251414,0.5388884874643681,0.15213026839136562
Greensboro,NC,45.58485057422017,0.6217449744910499,0.2783041124815987,-0.20555767660090196
Escondido,CA,45.45955886071211,-0.30609365367315444,0.34345020622729094,0.6398315628063
Phoenix,AZ,45.41702293832514,-0.1038667454197791,0.5388884874643681,0.23629198950360528
Riverside,CA,45.30320189487929,0.1001421438211859,-0.047426356246863505,0.6028787951323797
Grand Prairie,TX,45.20678385687184,0.5051992141571218,-0.1777185437382485,0.31479818924963165
Largo,FL,45.07509724412652,-0.29504819257738657,0.9949111436842154,-0.07577054803288288
Sterling Heights,MI,44.856130965259254,-0.0065601491510989636,0.734326768701446,-0.1339143497995459
Irving,TX,44.80101748998423,0.27279119258259227,-0.047426356246863505,0.36087603841470833
Joliet,IL,44.734985230042014,0.40009564968720407,-0.047426356246863505,0.22445225775666683
Bloomington,IN,44.68005012909004,-0.0044940692514751635,0.6691806749557532,-0.09515181528843711
Fontana,CA,44.5290279157808,0.10540701343206797,-0.24286463748394072,0.6861356328260253
Baldwin Park,CA,44.517223572736796,0.11145254272658627,-0.7640333874494808,1.1996286257318882
Glendale,AZ,44.394574855904025,-0.21828759865446548,0.6040345812100609,0.14436251202810066
Aurora,IL,44.040203712579796,0.2036807992551822,-0.11257244999255629,0.3900610497253638
Amarillo,TX,43.754393164253116,0.17350788569477701,0.017719737498828707,0.2504701771022435
Lubbock,TX,43.723891420374656,0.3738588335879746,-0.1777185437382485,0.24134509561108786
Sioux City,IA,43.723681032035365,0.24294572986794036,0.017719737498828707,0.17679086260905086
Kennewick,WA,43.216402842857555,-0.11450819624215385,0.47374239371867594,0.008164952224708283
St. Petersburg,FL,43.20310908524099,0.021158149502188733,0.6040345812100609,-0.2596295029838915
Port St. Lucie,FL,43.167647264302786,-0.19406858814596764,0.6040345812100609,-0.04930018697800952
Sacramento,CA,43.09937387981622,0.07874886328235084,0.017719737498828707,0.2547683733405655
Visalia,CA,42.88363844315397,-0.1443947539284022,0.0828658312445215,0.38297195592604466
Avondale,AZ,42.84886241187962,-0.03048460402469118,0.1480119249902137,0.19911300097503606
Suffolk,VA,42.839867357191004,0.3957710172185336,0.017719737498828707,-0.09809268639886803
Clearwater,FL,42.832931913989924,-0.18704039403111597,0.6691806749557532,-0.16770002550838753
New York,NY,42.760454073811886,-0.05368681796333765,-0.1777185437382485,0.5358361327292095
Fort Lauderdale,FL,42.747043439749454,-0.08513695197898187,0.47374239371867594,-0.08602673379728143
Apple Valley,CA,42.63465184860274,-0.30353326996405156,0.40859629997298375,0.18199394226596688
Tacoma,WA,42.6085600319095,0.1263192084651996,0.2783041124815987,-0.12116973463401376
Springfield,IL,42.55559696866014,0.18813606141719755,0.1480119249902137,-0.060008814451704764
Concord,NC,42.42638207932233,0.03655284234887198,0.40859629997298375,-0.18685507190929293
Everett,WA,42.3641310362436,0.11844107074422176,0.34345020622729094,-0.21219432869092436
Palm Coast,FL,42.09159625779447,-0.37109515377703683,0.6691806749557532,-0.08602673379728143
Bellflower,CA,42.05441870090219,-0.03341938018191452,-0.3080107312296335,0.5483545270400927
Parma,OH,42.02659636670125,-0.3914250084267262,0.8646189561928304,-0.27011190960293824
Durham,NC,41.98884764347869,0.4971568888854687,-0.047426356246863505,-0.25186174662062655
Medford,OR,41.93625806876087,-0.2922930792367378,0.40859629997298375,0.07430273120928443
Arlington,TX,41.84997336237027,0.3716965173536395,-0.1777185437382485,-0.015288290414519401
Vista,CA,41.75935066065471,-0.37370842188713227,0.1480119249902137,0.39187081656255185
Ogden,UT,41.661231621950364,0.3350271226229549,-0.4383029187210185,0.25589947761380805
Waterloo,IA,41.45877785534343,0.22306088429538604,0.017719737498828707,-0.11611662852653087
Turlock,CA,41.376387405186605,-0.27101837735273643,0.1480119249902137,0.23629198950360528
Spokane,WA,41.09459009394464,-0.05815821803773441,0.40859629997298375,-0.2760698991290155
Los Angeles,CA,40.74827529610993,-0.09413273269662299,-0.3731568249753257,0.4938302589478062
Jersey City,NJ,40.682804567563814,-0.025788856493475325,-0.3080107312296335,0.35129851521425537
Wilmington,NC,40.60699465414998,0.11655824332982108,0.2783041124815987,-0.387833085569371
Kenosha,WI,40.39784407149149,0.2323124788063137,-0.1777185437382485,-0.07644921059682872
Tallahassee,FL,40.275978258129754,-0.020181060770941023,0.2783041124815987,-0.29680849151246075
Manchester,NH,40.08748042488339,-0.24224351986452644,0.5388884874643681,-0.361362724514497
Des Moines,IA,39.857079451671595,0.14127709199549612,-0.11257244999255629,-0.12524171001768689
Antioch,CA,39.845636228975,-0.00806171706315606,-0.24286463748394072,0.15280893095531078
Melbourne,FL,39.48724279502095,-0.5276135346483682,0.6040345812100609,-0.22403406043786214
Manteca,CA,39.480608844766074,-0.21568847310374398,-0.11257244999255629,0.1797317337194818
Hollywood,FL,39.451260759921894,-0.2875681223311768,0.1480119249902137,-0.013026081868034322
Green Bay,WI,39.37714002430808,0.017304145816350563,-0.11257244999255629,-0.06755034996032122
Salem,OR,39.34652301787453,0.07146946546631275,0.017719737498828707,-0.2562361901641639
Elgin,IL,39.24684006764582,-0.07069797154040931,-0.24286463748394072,0.13274900113581137
Yonkers,NY,39.21339837469343,-0.07404588198737196,-0.3080107312296335,0.19662457157390245
Redding,CA,39.160850027430385,-0.6303810628660016,0.6040345812100609,-0.16634270038049612
Boston,MA,39.07074805936997,-0.21445593728874937,0.2783041124815987,-0.2689808053296957
Pueblo,CO,38.72268781814185,-0.09867802678560918,-0.3080107312296335,0.15348759351925667
Sunrise,FL,38.512779345872225,-0.1488767068935247,0.017719737498828707,-0.15103340850861505
Vallejo,CA,38.354745291698954,-0.028012256889551418,-0.3731568249753257,0.09715355858978202
Reno,NV,37.896555419601896,-0.7782019044910998,0.6691806749557532,-0.2582721778560005
Mesa,AZ,37.8196785168103,-0.4901506703811986,0.40859629997298375,-0.2963560498031634
Gresham,OR,37.72017885110145,-0.49593218612168233,0.21315801873590592,-0.10887756117777897
Oakland,CA,37.64350763827164,-0.14434781232603472,-0.4383029187210185,0.18041039628342734
Long Beach,CA,37.55213701648896,-0.21307428073805093,-0.4383029187210185,0.2365182103582535
Chesapeake,VA,37.46369830328241,0.2806976154223176,-0.24286463748394072,-0.46490571288229093
West Valley City,UT,37.37908520526635,-0.16292848503112803,-0.5034490124667107,0.22761934972174624
Charlotte,NC,37.33650309449961,0.20357769586624808,-0.11257244999255629,-0.5356441562650529
Vancouver,WA,36.813385748578774,-0.2597171024636817,0.1480119249902137,-0.4051783651330887
Sparks,NV,36.73283108927033,-0.8550682672160059,0.6040345812100609,-0.27697478254760916
Norwalk,CA,36.667723782331336,-0.19139464432505884,-0.8291794811951729,0.4835740731834076
Las Cruces,NM,36.56242221905206,-0.15064228835961693,-0.3080107312296335,-0.09288960674195204
Denton,TX,36.53911021309642,-0.09599680745954982,-0.1777185437382485,-0.2810467579312823
Midland,TX,36.51828960307572,0.17383072644843015,-0.568595106212403,-0.1628731402555528
Citrus Heights,CA,36.496250188959316,-0.4877394074077998,0.21315801873590592,-0.2860998640387652
Chico,CA,36.48209129774853,-0.4243224932469101,0.1480119249902137,-0.28632608489341366
Auburn,WA,35.826402361144744,-0.5359800333801997,0.21315801873590592,-0.33036794636665356
Cheyenne,WY,35.52359307952411,-0.4505241571731688,0.0828658312445215,-0.32735082795100756
Kent,WA,35.44250203799077,-0.4298340526347329,0.017719737498828707,-0.29409384125667837
Spokane Valley,WA,35.43724967655603,-0.29373581994917725,0.1480119249902137,-0.5612096339013326
Anaheim,CA,35.42434538956228,-0.5592798163600827,-0.5034490124667107,0.3540131654700374
Cape Coral,FL,35.24866311161893,-0.6420649299639254,0.34345020622729094,-0.4343633764437441
Fairfield,CA,35.21572432761289,-0.24184319542763585,-0.3731568249753257,-0.12252705976190481
Columbia,MO,35.12291677962479,-0.34237318068981937,0.017719737498828707,-0.4256907366618854
Broken Arrow,OK,35.069751491021314,-0.23549809195518354,-0.1777185437382485,-0.3444698866600767
Asheville,NC,34.81953999315814,-0.20086423504325282,0.017719737498828707,-0.6090972499035971
Menifee,CA,34.80809931937494,-0.42843005376391236,-0.24286463748394072,-0.12252705976190481
Westminster,CA,34.705504575492846,-0.7942997733381821,-0.5034490124667107,0.48975828356413303
Garden Grove,CA,34.02167945429559,-0.7221725100782111,-0.6337411999580957,0.45348417845415817
Davenport,IA,33.921525067103794,-0.040654093357708886,-0.4383029187210185,-0.4373042475541751
Tracy,CA,33.80524241116592,-0.32241905119477604,-0.568595106212403,-0.04130620976009606
Bolingbrook,IL,32.83508227491893,0.09853388285154559,-0.7640333874494808,-0.40080392158955136
Champaign,IL,32.52239797171448,-0.1980575700081362,-0.4383029187210185,-0.4731259109548529
Omaha,NE,32.37903869223278,-0.16301877856721403,-0.3731568249753257,-0.5931092954677705
Bellingham,WA,32.360473612820925,-0.5155844844766693,0.017719737498828707,-0.6339840649759308
Miramar,FL,32.26549713678691,0.07371746514463372,-0.7640333874494808,-0.45464952711789275
Cranston,RI,32.15609407907186,-0.47826940823867864,-0.3731568249753257,-0.30864822325939856
Napa,CA,32.14604747855874,-0.6680928738722347,-0.24286463748394072,-0.2505044214927355
Oceanside,CA,32.032323638722474,-0.6729505519920034,-0.3080107312296335,-0.19620637425509743
Nashua,NH,32.02651999736616,-0.466834487879819,0.017719737498828707,-0.7288544135618661
Charleston,SC,31.931644804902827,-0.015607481563206904,-0.3731568249753257,-0.8023075072004102
Downey,CA,31.77235234641633,-0.37013390702122856,-0.959471668686558,0.11653482584533624
Lewisville,TX,31.70950594927219,-0.2990207749180584,-0.5034490124667107,-0.41928030542651157
San Marcos,CA,31.666350464378297,-0.7419693190768023,-0.3080107312296335,-0.17772999041813692
Corona,CA,31.666326189715576,-0.378018911796429,-0.698887293703788,-0.15080718765396656
Hayward,CA,31.631191535895898,-0.6214805942274745,-0.698887293703788,0.08780225624397717
Tempe,AZ,31.43735787340122,-0.5574120557606532,-0.047426356246863505,-0.6544964365047279
Miami Beach,FL,31.40004641542233,-0.3684891611720922,-0.698887293703788,-0.19711125767369145
New Rochelle,NY,31.154009240684296,-0.29220145299412636,-0.6337411999580957,-0.3725237936974896
Warwick,RI,30.974626300834228,-0.42198051419600047,-0.3731568249753257,-0.5281026207564368
College Station,TX,30.78147965500592,-0.14258448782206498,-0.568595106212403,-0.6387347029235498
Greeley,CO,30.725860404548992,-0.6589844572983856,-0.4383029187210185,-0.26030816554783703
Federal Way,WA,30.369942757289287,-0.5564576760590675,-0.3080107312296335,-0.5422808083550754
Billings,MT,30.300892984768186,-0.7401015584773726,-0.1777185437382485,-0.4984651677364841
Henderson,NV,30.20643160630222,-0.6799728033082296,-0.047426356246863505,-0.7019316107976954
Chino,CA,30.122714230521222,-0.49935532328975946,-0.7640333874494808,-0.1775037695634887
Carson,CA,29.947041338217474,-0.24201465848346204,-1.1549099499236353,-0.06822901252426641
Portland,ME,29.854142869861345,-0.6492668440967262,0.0828658312445215,-0.9115822642396322
Rapid City,SD,29.79245101062955,-0.4583106686515352,-0.3080107312296335,-0.7201817737800071
Clovis,CA,29.689138989023082,-0.7475488296805889,-0.3731568249753257,-0.38006532920610603
Danbury,CT,29.633688938972178,-0.6716368466572685,-0.3080107312296335,-0.528781283320382
Quincy,MA,29.40517166899287,-0.8542794077716213,-0.047426356246863505,-0.6382822612142529
Glendale,CA,29.344093344711773,-0.8710557571690029,-0.3080107312296335,-0.3693567017324105
Cedar Rapids,IA,29.22156116600884,-0.3006372356484468,-0.6337411999580957,-0.6309669465602848
Bloomington,IL,29.172830409993487,-0.5043889783895995,-0.4383029187210185,-0.6293834005777453
St. Paul,MN,29.102316798148777,-0.37262132097133954,-0.698887293703788,-0.5103048994834218
Raleigh,NC,29.096200993064226,-0.28752343769093275,-0.4383029187210185,-0.8568317752926968
Chula Vista,CA,29.033333716700003,-0.5449370722562218,-0.959471668686558,-0.08693161721587546
Upland,CA,28.81801739803013,-0.6550707021573317,-0.568595106212403,-0.3974106087698237
Concord,CA,28.66115772948479,-0.564012973026392,-0.698887293703788,-0.37983910835145757
Eugene,OR,28.630386381410066,-0.5237631206311779,-0.24286463748394072,-0.8803612652371398
Somerville,MA,28.613670485906642,-0.6771260637249695,-0.24286463748394072,-0.7293068552711631
Duluth,MN,28.302420006415126,-0.643298798485445,-0.4383029187210185,-0.6106807958861367
Albuquerque,NM,28.254134351642453,-0.7149213012130659,-0.568595106212403,-0.41543455089748726
Carrollton,TX,28.113285200845407,-0.37756109286644574,-0.8291794811951729,-0.5116622246113128
Virginia Beach,VA,27.95612206741075,-0.3202731344819374,-0.6337411999580957,-0.786093331909935
Vacaville,CA,27.907581831613644,-0.5602200535022946,-0.568595106212403,-0.6179961105401042
Clifton,NJ,27.64885512702075,-0.6557022411052645,-0.698887293703788,-0.4279529452083705
Missouri City,TX,27.592666591447436,0.21870109965374498,-1.2852021374150202,-0.7238013074543832
Lawrence,KS,27.47690085137075,-0.6678311172803225,-0.24286463748394072,-0.8955943098038055
Coral Springs,FL,27.44878481086754,-0.7259594868036828,-0.3731568249753257,-0.7110566922888515
Washington,DC,27.308367241657354,-0.2342655561401892,-0.7640333874494808,-0.8312662976564171
Santa Rosa,CA,27.182908413052797,-0.9288261337657393,-0.4383029187210185,-0.479762563044875
Buena Park,CA,27.17222519209236,-0.8481809940761099,-0.8943255749408652,-0.10586044276213266
Aurora,CO,27.049911296296806,-0.6595995967248213,-0.6337411999580957,-0.5719182613750281
Costa Mesa,CA,27.04495659189592,-0.9086102476787836,-0.568595106212403,-0.3887379689879647
Round Rock,TX,26.927273996354504,-0.19265177942229814,-0.8943255749408652,-0.7952184134010907
Peoria,AZ,26.808371948824288,-0.8640663048957696,-0.1777185437382485,-0.8568317752926968
Davie,FL,26.801916909914137,-0.8428960391072287,-0.3731568249753257,-0.6834552269607352
Edmond,OK,26.673127168405106,-0.49940913194634945,-0.568595106212403,-0.8492902397840804
Austin,TX,26.480059005524108,-0.4395434660756443,-0.8291794811951729,-0.6752350288881735
Whittier,CA,26.476501553743674,-0.5950559155509224,-1.089763856177943,-0.2596295029838915
Surprise,AZ,26.369138367367956,-0.8319786891335675,-0.24286463748394072,-0.8844332406208131
Pembroke Pines,FL,26.16397703932263,-0.5672705899372683,-0.7640333874494808,-0.656306203341916
Missoula,MT,26.05340111365244,-0.8956432173269958,-0.24286463748394072,-0.8643733108013129
San Leandro,CA,25.481820177229498,-0.9349528325799982,-0.8943255749408652,-0.2525404091845724
Appleton,WI,25.453216794505582,-0.4358056879146623,-0.8291794811951729,-0.8207838910373704
O'Fallon,MO,25.319095724653646,-0.9552977540446586,-0.3731568249753257,-0.7758371461455364
Sioux Falls,SD,25.17906625320562,-0.4838889933906095,-0.6337411999580957,-1.00600017111627
Murrieta,CA,25.15567930075903,-0.7165505717963025,-0.7640333874494808,-0.6462762384321661
Hillsboro,OR,25.103886920022386,-0.664630994862539,-0.6337411999580957,-0.8356407411999546
San Buenaventura (Ventura),CA,24.820658027586248,-0.782565278801389,-0.698887293703788,-0.6916754250332968
Anchorage,AK,24.747791885334763,-0.42259565362243645,-0.8291794811951729,-0.9314159732044834
Orange,CA,24.708833331919973,-0.9801447138324408,-0.7640333874494808,-0.4443933413534942
Livonia,MI,24.64541646032617,-0.8306567840380846,-0.1777185437382485,-1.1889542426486848
Fullerton,CA,24.625807160166644,-0.9525695931162321,-0.8943255749408652,-0.3531425264419354
Hoover,AL,24.521278649735418,-0.5400415765504325,-0.6337411999580957,-1.0406907302437054
Tustin,CA,24.357947551971048,-0.9804370125052237,-0.8943255749408652,-0.3622676079330914
Salt Lake City,UT,24.307492057140617,-0.49047351113485194,-1.1549099499236353,-0.59861484328455
Burlington,VT,24.210425163200963,-1.038628723152448,-0.24286463748394072,-0.9759102763870203
Santa Barbara,CA,24.064493121242077,-0.8410036792255539,-0.7640333874494808,-0.6725203786323911
San Diego,CA,24.062640381614575,-0.8195634570843522,-0.8943255749408652,-0.5639242841571147
Portland,OR,23.943105261350766,-0.7704153930127338,-0.6337411999580957,-0.8901650092922412
Temecula,CA,23.65568238252403,-0.7666306732493847,-0.8291794811951729,-0.7382057159076706
Waukesha,WI,23.625831261022153,-0.4383519290643914,-0.959471668686558,-0.940314833840991
West Covina,CA,23.59903721889721,-0.7211524361227845,-1.3503482311607125,-0.2703381304575871
Lee's Summit,MO,23.39310847069161,-0.7238135700908446,-0.568595106212403,-1.0778697187722748
Lincoln,NE,23.36953397862388,-0.7358813621041621,-0.5034490124667107,-1.1342037537017493
Rio Rancho,NM,23.296914645838765,-0.9395204689891067,-0.6337411999580957,-0.8103014844183234
Provo,UT,23.27594755124134,-0.6342045244709696,-1.089763856177943,-0.6624904137226411
Plantation,FL,23.267576705326846,-0.8042075060792874,-0.6337411999580957,-0.9496661361867951
Redlands,CA,23.227584273109542,-0.8920299606194728,-0.7640333874494808,-0.7370746116344281
Minneapolis,MN,22.948301224118463,-0.5946660478369031,-0.959471668686558,-0.8775703676761422
McKinney,TX,22.763224671709835,-0.5552191974454477,-0.959471668686558,-0.942577042387476
Renton,WA,22.29237663379195,-0.8295592263994204,-0.7640333874494808,-0.9287013229487013
Alhambra,CA,22.27399883061823,-0.9009259153337542,-1.4806404186520974,-0.1432656521453501
St. George,UT,22.202388648793313,-0.8573304094537005,-0.959471668686558,-0.717919565233522
Iowa City,IA,22.08083014518733,-0.595162608608505,-0.959471668686558,-0.9968750896251144
Pasadena,CA,21.962407440282032,-0.7217310906697244,-1.1549099499236353,-0.6912229833240002
Elk Grove,CA,21.802287558606505,-0.7354504955864011,-1.0246177624322501,-0.8299089725285261
Stamford,CT,21.734202822741914,-0.6988280424580839,-0.8943255749408652,-1.0062263919709187
Farmington Hills,MI,21.715498793246535,-0.6495673425302574,-0.698887293703788,-1.2535084756507213
Beaverton,OR,21.621726974946686,-0.7571091223857963,-0.8291794811951729,-1.028624777642119
Rancho Cucamonga,CA,21.579552143691643,-0.8411609997220063,-0.959471668686558,-0.8201052284734249
Bend,OR,21.50979634160644,-0.8020310472855785,-0.698887293703788,-1.1294531157541308
Lakewood,CA,21.46560543220922,-0.929306295015845,-1.0246177624322501,-0.6825503435421412
Norwalk,CT,21.323085941890923,-0.7188784082878387,-0.8943255749408652,-1.0429529387901906
Fargo,ND,21.135828771617163,-0.27269458953834075,-1.1549099499236353,-1.2544133590693154
San Jose,CA,20.899513100550564,-0.9391201445522158,-1.2200560436693273,-0.5554778652299045
Chandler,AZ,20.62781070885287,-0.9858158506788394,-0.6337411999580957,-1.13262020771921
Olathe,KS,20.50552103164238,-0.7308723062865669,-0.8291794811951729,-1.2090141724681844
Redwood City,CA,20.404893068239474,-0.9734699025521129,-1.089763856177943,-0.7197293320707103
Pearland,TX,20.004637024121322,-0.4628760480985206,-1.2852021374150202,-1.0901618922285095
Thornton,CO,19.990551485774194,-0.9786221363067865,-0.8943255749408652,-0.9672376366051616
Santa Clarita,CA,19.973690161282885,-1.0451393468821006,-0.959471668686558,-0.8379029497464396
Simi Valley,CA,19.94453448079061,-1.0212513768880038,-0.8943255749408652,-0.9309635314951864
Boca Raton,FL,19.898252487450442,-1.0211984924870114,-0.698887293703788,-1.1328464285738582
Richardson,TX,19.88418532009577,-0.6561071756342551,-1.1549099499236353,-1.0438578222087844
Brooklyn Park,MN,19.602755483934384,-0.8142785021154707,-1.1549099499236353,-0.9245531002598124
Boise City,ID,19.553083451279246,-0.9029801096361268,-0.8291794811951729,-1.1684418711198878
Burbank,CA,19.325937141258926,-1.0978701255803716,-0.959471668686558,-0.8746294965657114
Roseville,CA,19.137115591844015,-1.1160057892083295,-0.8291794811951729,-1.012863044060941
Madison,WI,18.956281025091172,-0.7228673901500074,-1.1549099499236353,-1.1052449632457424
Cambridge,MA,18.805392096539236,-0.8098093590031968,-0.959471668686558,-1.2345796501044641
Ann Arbor,MI,18.73411818052902,-0.793913495292811,-0.8291794811951729,-1.3906109188727078
Orem,UT,18.710284640543428,-0.8586605143099318,-1.2200560436693273,-0.938278846149154
Colorado Springs,CO,18.70968493112161,-1.027537653160838,-0.8943255749408652,-1.0952149983359925
Denver,CO,18.36015147557145,-1.1680521445576755,-0.959471668686558,-0.9378264044398573
Rochester Hills,MI,17.99718628233086,-0.9695055199721893,-0.7640333874494808,-1.381938279090849
League City,TX,17.085095423935698,-0.6567915989831801,-1.2200560436693273,-1.3645929995271313
Sandy Springs,GA,16.996644117169108,-0.7650611541213633,-1.089763856177943,-1.3988311169452698
West Jordan,UT,16.92003479867671,-0.910602433563818,-1.3503482311607125,-1.003285520860488
Santa Fe,NM,16.839614021880855,-1.48904227074243,-0.8943255749408652,-0.8919747761294294
San Francisco,CA,16.815883751730286,-1.1810802590712042,-1.2852021374150202,-0.8123374721101599
Layton,UT,16.619136923695056,-0.7674806168555103,-1.4154943249064051,-1.1228164636641085
Troy,MI,16.5550066924221,-1.0288066738553283,-0.8943255749408652,-1.391515802291302
Union City,CA,16.20983614853087,-1.259695803740706,-1.5457865123977899,-0.5568351903577956
Huntington Beach,CA,15.654618772772796,-1.3549841859677272,-1.0246177624322501,-1.0593933349353142
Honolulu,HI,15.65094617289409,-0.9025200337440209,-1.6760786998891746,-0.8609037506763699
Palatine,IL,15.49558630326223,-1.2359464015915878,-1.1549099499236353,-1.0701019624090096
Daly City,CA,15.381824723118172,-1.1972250695206534,-1.6760786998891746,-0.603365481232169
Meridian,ID,15.302199864348252,-1.0831457135232394,-1.0246177624322501,-1.3799022913990124
Evanston,IL,15.073500662356926,-0.9062682686278739,-1.3503482311607125,-1.2626335571418772
Alexandria,VA,14.998702899906847,-0.8898147599841453,-1.2852021374150202,-1.3545630346173811
Gilbert,AZ,14.956950645929005,-1.1778613840019465,-0.8943255749408652,-1.463159129092658
Plano,TX,14.848265675533426,-0.8704182754224451,-1.4154943249064051,-1.264443323979065
Livermore,CA,14.480480917263304,-1.444136745364144,-1.0246177624322501,-1.1323939868645612
Rochester,MN,14.469237063067723,-0.8875338650949763,-1.3503482311607125,-1.3648192203817797
Allen,TX,14.382140414852556,-0.9084611269430796,-1.3503482311607125,-1.3559203597452725
Roswell,GA,14.177697813254195,-0.9688739810242567,-1.2200560436693273,-1.4540340476015021
Lake Forest,CA,14.115645919569758,-1.372676173225076,-1.1549099499236353,-1.1239475679373512
Alameda,CA,13.697293574474944,-1.3916371811769153,-1.2852021374150202,-1.0324705321711438
Westminster,CO,13.666338507657574,-1.317145596545912,-1.089763856177943,-1.3066754186151168
Thousand Oaks,CA,13.65295342100569,-1.215624746702647,-1.2200560436693273,-1.2797526158509465
Berkeley,CA,13.493749835698493,-1.1820428385335382,-1.2852021374150202,-1.2701750926504936
Seattle,WA,13.350668834600809,-1.0392744046597542,-1.2200560436693273,-1.4978496882200936
Scottsdale,AZ,13.330603556867892,-1.2557865625238975,-0.8943255749408652,-1.6098390955150976
Schaumburg,IL,13.19722842309776,-1.3775807929472113,-1.2200560436693273,-1.1807340445761227
San Mateo,CA,13.135266539387429,-1.2655101185241826,-1.4154943249064051,-1.1059236258096874
Lakewood,CO,13.12258812245099,-1.4763146546624324,-1.0246177624322501,-1.28774659306886
Fishers,IN,13.114143017007773,-0.8297106040972474,-1.2200560436693273,-1.7400786657924132
Longmont,CO,12.2906884926383,-1.787180900410011,-0.8943255749408652,-1.2220612557935804
Folsom,CA,12.242624725201281,-1.143820324196329,-1.2852021374150202,-1.4811830712203213
Sugar Land,TX,12.155358510212114,-0.9243569906534651,-1.741224793634867,-1.2566755676158006
Overland Park,KS,12.070742675928429,-1.0083595732573307,-1.2852021374150202,-1.640381431953644
Carlsbad,CA,11.74392402454534,-1.3977355948724262,-1.1549099499236353,-1.4264325822733859
Mount Pleasant,SC,11.570494942534236,-1.0622759461682294,-1.2200560436693273,-1.720697398536859
Loveland,CO,11.290121917333247,-1.70282852464027,-0.959471668686558,-1.3794498496897156
Carmel,IN,11.056585822673426,-0.9567920464515655,-1.2852021374150202,-1.8320081432679178
Santa Clara,CA,10.880321222943353,-1.308627720116254,-1.5457865123977899,-1.2439309524502682
Chino Hills,CA,10.791589167091574,-1.2742122678625156,-1.6109326061434823,-1.225454568613308
Frisco,TX,10.63830007102956,-1.0008042762900065,-1.5457865123977899,-1.585178501297412
Fort Collins,CO,10.582843384575979,-1.615463889030068,-1.089763856177943,-1.4342003386366509
Milpitas,CA,10.508709036057914,-1.382015804309967,-1.8063708873805597,-0.9612796470790845
Mission Viejo,CA,10.22061600167773,-1.5143187643414482,-1.2852021374150202,-1.3899322563087626
Sandy,UT,9.796458870334384,-1.1746179096504437,-1.6109326061434823,-1.4624804665287126
Torrance,CA,9.477802529807661,-1.4191512177313834,-1.6109326061434823,-1.261954894577932
Arlington Heights,IL,9.453783812808789,-1.4802648946829822,-1.3503482311607125,-1.4647426750751977
Bloomington,MN,9.4490776831315,-1.3223425149408303,-1.4806404186520974,-1.4930228029672592
Cary,NC,9.26651163209378,-1.3155455353370205,-1.2852021374150202,-1.7204711776822106
Santa Monica,CA,8.944875395244306,-1.3125638175774297,-1.4806404186520974,-1.57243388613188
Arvada,CO,8.847953861652584,-1.6699297071135606,-1.1549099499236353,-1.5541837231495683
Newton,MA,7.149186060017476,-1.412431721810811,-1.4154943249064051,-1.7857040732481928
Naperville,IL,7.100431774612768,-1.2498313267654653,-1.6760786998891746,-1.694453258336634
Irvine,CA,6.685564624495828,-1.5920396807645802,-1.6760786998891746,-1.4095397444189652
Fremont,CA,6.4131252641630825,-1.673201466583811,-1.8063708873805597,-1.2357107543777066
Mountain View,CA,6.362515651026753,-1.4161553574124193,-1.741224793634867,-1.564892350623264
Sunnyvale,CA,6.1941521476232495,-1.4837619258656491,-1.8063708873805597,-1.4553913727293935
Redondo Beach,CA,5.982736449135911,-1.4715978975176196,-1.6109326061434823,-1.692191049790149
Johns Creek,GA,4.977524941504416,-1.3602855404581053,-1.6760786998891746,-1.8771811090144004
Newport Beach,CA,4.352954309311932,-1.6603165300073608,-1.5457865123977899,-1.793698050466106
Pleasanton,CA,4.094867934294261,-1.786392040965626,-1.6109326061434823,-1.6381192234071593
Bellevue,WA,2.9923920088345737,-1.5252525138366055,-1.741224793634867,-1.9212229704876402
Boulder,CO,2.779941568604528,-1.9733838338308933,-1.4154943249064051,-1.8281623887388931
San Ramon,CA,2.667999078521149,-1.4825316470127774,-1.9366630748719447,-1.813305538576309
Centennial,CO,0.26265136631695996,-1.772906107522114,-1.741224793634867,-2.0505576573463618
Plymouth,MN,0.0,-1.6482053860603247,-1.9366630748719447,-2.016093319073575
